countryname,countrycode,year,elecrate_total,gdp_value,economicgap (GDP difference)
Algeria,DZA,1966,33.7,3039834558.74906,7569514002316.591
Algeria,DZA,1969,40.0,4257218772.15369,7568296618103.187
Algeria,DZA,1977,45.8,20971901273.271,7551581935602.068
Algeria,DZA,1981,59.0,44348672667.8715,7528205164207.469
Algeria,DZA,1985,76.0,57937868670.1937,7514615968205.146
Algeria,DZA,1987,72.7,66742267773.1959,7505811569102.144
Algeria,DZA,1989,84.0,55631489801.5508,7516922347073.789
Algeria,DZA,1993,89.0,49946455210.966,7522607381664.374
Algeria,DZA,1996,93.0,46941496779.8499,7525612340095.49
Algeria,DZA,2005,98.1,103198228458.588,7469355608416.752
Algeria,DZA,2008,94.5,171000691877.714,7401553144997.626
Algeria,DZA,2010,98.95,161207268655.392,7411346568219.948
Algeria,DZA,2013,99.0,209755003250.664,7362798833624.676
Angola,AGO,2001,12.8,8936063723.20121,7563617773152.139
Angola,AGO,2004,17.0,19640848728.8937,7552912988146.446
Angola,AGO,2009,26.0,75492384801.3695,7497061452073.971
Argentina,ARG,1991,93.5,189719984268.485,7382833852606.8545
Argentina,ARG,2001,94.43,268696750000.0,7303857086875.34
Argentina,ARG,2003,95.1,127586973492.177,7444966863383.163
Argentina,ARG,2005,95.0,198737095012.282,7373816741863.058
Argentina,ARG,2010,96.0,423627422092.49,7148926414782.85
"Bahamas, The",BHS,1963,57.7,237745098.039216,7572316091777.301
"Bahamas, The",BHS,1990,84.4,3166000000.0,7569387836875.34
"Bahamas, The",BHS,2000,95.87,6327552000.0,7566226284875.34
"Bahamas, The",BHS,2013,99.0,10677200000.0,7561876636875.34
"Bahamas, The",BHS,2015,99.0,11240000000.0,7561313836875.34
Bahrain,BHR,1981,98.2,3467819148.93617,7569086017726.403
Bahrain,BHR,2000,98.2,9062906914.89362,7563490929960.446
Bahrain,BHR,2012,99.4,30749308510.6383,7541804528364.701
Bangladesh,BGD,1976,3.0,10117113333.3333,7562436723542.007
Bangladesh,BGD,1982,6.6,18525399201.5968,7554028437673.743
Bangladesh,BGD,1991,14.1,30957483290.541,7541596353584.799
Bangladesh,BGD,1995,15.0,37939748051.3878,7534614088823.952
Bangladesh,BGD,1996,17.0,46438482370.3942,7526115354504.945
Bangladesh,BGD,1997,19.0,48244308274.8086,7524309528600.531
Bangladesh,BGD,1998,20.0,49984559471.3656,7522569277403.975
Bangladesh,BGD,1999,23.0,51270569883.5275,7521283266991.8125
Bangladesh,BGD,2000,25.0,53369787318.6245,7519184049556.716
Bangladesh,BGD,2001,30.0,53991289844.3291,7518562547031.011
Bangladesh,BGD,2002,32.0,54724081490.5102,7517829755384.83
Bangladesh,BGD,2003,35.0,60158929188.2556,7512394907687.084
Bangladesh,BGD,2004,39.8,65108544250.0425,7507445292625.297
Bangladesh,BGD,2009,49.0,102477791472.39,7470076045402.95
Bangladesh,BGD,2011,60.0,128637938711.386,7443915898163.954
Bangladesh,BGD,2012,60.0,133355749482.478,7439198087392.862
Barbados,BRB,1990,92.58,2023318251.8769,7570530518623.463
Barbados,BRB,2000,96.3,3121500000.0,7569432336875.34
Belize,BLZ,1960,29.3,28071888.5622288,7572525764986.777
Belize,BLZ,1965,42.9,40069930.0699301,7572513766945.27
Belize,BLZ,1990,67.3,413050000.0,7572140786875.34
Belize,BLZ,1991,67.15,444720750.0,7572109116125.34
Belize,BLZ,1995,76.4,620140400.0,7571933696475.34
Belize,BLZ,2000,81.66,832072450.0,7571721764425.34
Belize,BLZ,2002,87.4,932551850.0,7571621285025.34
Belize,BLZ,2006,90.5,1217467600.0,7571336369275.34
Belize,BLZ,2009,92.5,1336957250.0,7571216879625.34
Belize,BLZ,2010,89.1,1397113450.0,7571156723425.34
Belize,BLZ,2011,90.3,1486712300.0,7571067124575.34
Belize,BLZ,2015,91.8,1742545900.0,7570811290975.34
Benin,BEN,1992,10.0,1695315305.70308,7570858521569.637
Benin,BEN,1994,10.0,1598075932.35432,7570955760942.985
Benin,BEN,1995,12.0,2169627250.93379,7570384209624.406
Benin,BEN,2002,20.0,3054571081.6912,7569499265793.648
Benin,BEN,2003,20.2,3905366187.87017,7568648470687.47
Benin,BEN,2004,22.1,4521424807.22519,7568032412068.114
Benin,BEN,2010,27.1,6970240895.49888,7565583595979.841
Benin,BEN,2011,27.9,7814081155.64988,7564739755719.69
Benin,BEN,2012,28.2,8152554487.31321,7564401282388.026
Benin,BEN,2014,34.1,9707432015.61441,7562846404859.726
Bhutan,BTN,1995,35.0,303053462.843047,7572250783412.497
Bhutan,BTN,2003,41.1,622026107.771576,7571931810767.568
Bhutan,BTN,2005,57.1,818869145.124717,7571734967730.215
Bhutan,BTN,2007,68.5,1196091805.02316,7571357745070.316
Bhutan,BTN,2012,88.3,1823692109.61652,7570730144765.724
Bolivia,BOL,1963,21.9,721142957.311474,7571832693918.028
Bolivia,BOL,1976,34.3,2732083958.02099,7569821752917.319
Bolivia,BOL,1988,59.3,4597615562.66594,7567956221312.674
Bolivia,BOL,1992,55.5,5643893347.00679,7566909943528.333
Bolivia,BOL,1997,67.3,7925673448.41368,7564628163426.926
Bolivia,BOL,2003,72.3,8082364868.39357,7564471472006.946
Bolivia,BOL,2008,80.2,16674324634.2373,7555879512241.103
Bolivia,BOL,2012,78.18,27084497539.7974,7545469339335.542
Bosnia and Herzegovina,BIH,2001,99.0,5748990666.17862,7566804846209.161
Bosnia and Herzegovina,BIH,2004,99.2,10022840634.9206,7562530996240.419
Botswana,BWA,1981,5.4,1073861599.13948,7571479975276.2
Botswana,BWA,1985,7.5,1114764007.14811,7571439072868.191
Botswana,BWA,1991,10.1,3942792837.35655,7568611044037.983
Botswana,BWA,1992,11.5,4146513722.33019,7568407323153.01
Botswana,BWA,1993,11.5,4160086253.1468,7568393750622.193
Botswana,BWA,1994,11.53,4259330999.03151,7568294505876.309
Botswana,BWA,2001,24.8,5489608299.66445,7567064228575.676
Botswana,BWA,2002,26.8,5438857106.73536,7567114979768.6045
Botswana,BWA,2006,38.3,10126940513.3125,7562426896362.027
Botswana,BWA,2009,46.0,10267133177.7334,7562286703697.606
Botswana,BWA,2011,53.2,15682926895.9668,7556870909979.373
Brazil,BRA,1970,47.55,42327600098.2412,7530226236777.099
Brazil,BRA,1972,53.3,58539008786.3684,7514014828088.972
Brazil,BRA,1973,55.6,79279057730.829,7493274779144.511
Brazil,BRA,1980,68.5,235024598983.261,7337529237892.079
Brazil,BRA,1991,86.89,602860000000.0,6969693836875.34
Brazil,BRA,1998,94.2,863723395088.324,6708830441787.016
Brazil,BRA,2000,94.5,655421153320.579,6917132683554.761
Brazil,BRA,2010,98.6,2208871646202.82,5363682190672.52
Brunei Darussalam,BRN,1991,97.0,3701667052.55846,7568852169822.781
Brunei Darussalam,BRN,2006,99.7,11470703002.0769,7561083133873.263
Brunei Darussalam,BRN,2007,99.7,12247694247.2298,7560306142628.11
Brunei Darussalam,BRN,2008,99.7,14393099068.5859,7558160737806.754
Brunei Darussalam,BRN,2009,99.7,10732366286.2643,7561821470589.075
Brunei Darussalam,BRN,2010,99.7,13707370737.0737,7558846466138.267
Brunei Darussalam,BRN,2013,98.0,18093829923.2737,7554460006952.066
Brunei Darussalam,BRN,2014,99.66,17098342541.4365,7555455494333.903
Bulgaria,BGR,1985,99.9,17155421052.6316,7555398415822.708
Burkina Faso,BFA,1991,4.9,3135045684.1006,7569418791191.239
Burkina Faso,BFA,1996,5.0,2586550747.09844,7569967286128.241
Burkina Faso,BFA,1998,8.1,2804902723.73145,7569748934151.608
Burkina Faso,BFA,1999,6.9,2993753187.09677,7569560083688.243
Burkina Faso,BFA,2003,10.4,4205691222.11396,7568348145653.226
Burkina Faso,BFA,2005,12.7,5462709498.45119,7567091127376.889
Burkina Faso,BFA,2006,10.762603352532873,5844669845.53733,7566709167029.803
Burkina Faso,BFA,2007,14.3,6771277870.96412,7565782559004.376
Burkina Faso,BFA,2008,15.0,8369637065.40255,7564184199809.9375
Burkina Faso,BFA,2009,15.0,8369175126.25316,7564184661749.087
Burkina Faso,BFA,2010,19.0,8979966766.07232,7563573870109.268
Burkina Faso,BFA,2012,14.4,11166063466.5623,7561387773408.777
Burkina Faso,BFA,2013,14.4,11947176341.9966,7560606660533.343
Burundi,BDI,1992,0.2,1083037670.60484,7571470799204.735
Burundi,BDI,1998,4.0,893770806.077641,7571660066069.262
Burundi,BDI,2005,2.1,1117257279.46188,7571436579595.878
Burundi,BDI,2006,2.1,1273180597.02711,7571280656278.3125
Burundi,BDI,2007,2.1,1356078278.18821,7571197758597.151
Burundi,BDI,2008,2.1,1611634331.64869,7570942202543.691
Burundi,BDI,2011,5.3,2355652125.85184,7570198184749.488
Burundi,BDI,2012,6.5,2472384906.99793,7570081451968.342
Cabo Verde,CPV,1980,13.9,142246875.536716,7572411589999.803
Cabo Verde,CPV,1990,24.8,306891107.262039,7572246945768.078
Cabo Verde,CPV,2000,50.0,539227277.626411,7572014609597.714
Cabo Verde,CPV,2006,70.4,1107891063.43863,7571445945811.901
Cabo Verde,CPV,2007,73.6,1513934037.24782,7571039902838.092
Cabo Verde,CPV,2010,81.1,1664310769.55229,7570889526105.787
Cabo Verde,CPV,2012,87.2,1751888561.72747,7570801948313.612
Cabo Verde,CPV,2013,86.9,1850951315.45564,7570702885559.884
Cabo Verde,CPV,2014,84.5,1858121723.24993,7570695715152.09
Cambodia,KHM,1996,13.0,3506695719.57259,7569047141155.768
Cambodia,KHM,1998,15.1,3120425502.58253,7569433411372.757
Cambodia,KHM,2004,17.0,5337833248.03924,7567216003627.301
Cambodia,KHM,2007,18.0,8639235842.18075,7563914601033.159
Cambodia,KHM,2008,22.5,10351914093.1723,7562201922782.168
Cambodia,KHM,2011,35.0,12829541141.0127,7559724295734.327
Cameroon,CMR,1976,6.7,3076592431.27204,7569477244444.067
Cameroon,CMR,1986,11.0,10621158532.5193,7561932678342.82
Cameroon,CMR,1987,22.0,12302471429.4318,7560251365445.908
Cameroon,CMR,1991,29.0,12434370004.9586,7560119466870.381
Cameroon,CMR,1996,37.0,10513387441.6194,7562040449433.721
Cameroon,CMR,1998,40.7,10612847429.35,7561940989445.99
Cameroon,CMR,2001,46.8,10371327756.4548,7562182509118.885
Cameroon,CMR,2002,11.0,11579343088.1613,7560974493787.179
Cameroon,CMR,2003,11.0,14548845764.5325,7558004991110.808
Cameroon,CMR,2004,47.1,17430933517.2998,7555122903358.04
Cameroon,CMR,2006,49.0,19356046327.8995,7553197790547.44
Cameroon,CMR,2007,48.2,22365265025.66,7550188571849.68
Cameroon,CMR,2009,22.0,26017925551.8426,7546535911323.497
Cameroon,CMR,2011,48.7,29337006833.0825,7543216830042.258
Central African Republic,CAF,1995,3.0,1115389731.79119,7571438447143.549
Central African Republic,CAF,2000,6.0,914500299.097034,7571639336576.243
Central African Republic,CAF,2002,10.0,991387870.12463,7571562449005.215
Central African Republic,CAF,2006,8.0,1460562038.37097,7571093274836.969
Central African Republic,CAF,2009,5.0,1981728140.77833,7570572108734.562
Central African Republic,CAF,2010,8.3,1986014845.63184,7570567822029.708
Chad,TCD,1993,1.1,1463251055.40068,7571090585819.939
Chad,TCD,1997,2.3,1544689502.82472,7571009147372.515
Chad,TCD,2010,2.0,10657705536.4978,7561896131338.842
Chile,CHL,1960,70.6,4110000000.0,7568443836875.34
Chile,CHL,1970,75.4,9126309734.51328,7563427527140.826
Chile,CHL,1992,90.24,45964327558.8836,7526589509316.456
Chile,CHL,2002,96.1,69736811435.1032,7502817025440.236
Chile,CHL,2003,95.35,75643459839.6008,7496910377035.739
Chile,CHL,2004,95.39,99210392857.6116,7473343444017.729
Chile,CHL,2005,95.77,122964812046.073,7449589024829.267
Chile,CHL,2006,96.37,154788024805.808,7417765812069.532
Chile,CHL,2007,97.04,173605968179.255,7398947868696.085
Chile,CHL,2008,97.64,179638496278.574,7392915340596.766
Chile,CHL,2009,97.99,172389498444.621,7400164338430.719
Chile,CHL,2010,98.0,218537551220.071,7354016285655.269
China,CHN,1978,98.0,149540752829.268,7423013084046.072
China,CHN,1990,98.0,360857912565.966,7211695924309.374
China,CHN,1993,98.0,444731282436.762,7127822554438.578
China,CHN,1994,98.0,564324670005.917,7008229166869.423
China,CHN,1995,98.0,734547898220.508,6838005938654.832
China,CHN,1996,98.0,863746717503.789,6708807119371.551
China,CHN,1997,98.0,961603952951.82,6610949883923.52
China,CHN,1998,98.0,1029043097554.08,6543510739321.26
China,CHN,1999,97.0,1093997267271.06,6478556569604.279
China,CHN,2000,97.0,1211346869605.24,6361206967270.1
China,CHN,2001,97.0,1339395718865.3,6233158118010.04
China,CHN,2002,98.4,1470550015081.55,6102003821793.79
China,CHN,2005,99.4,2285965892360.54,5286587944514.8
China,CHN,2010,99.7,6100620488867.55,1471933348007.79
China,CHN,2011,99.8,7572553836875.34,0.0
Colombia,COL,1964,47.4,5992169466.66667,7566561667408.673
Colombia,COL,1973,61.9,10315760000.3394,7562238076875.0
Colombia,COL,1985,78.2,34894411351.983,7537659425523.356
Colombia,COL,1993,85.79,55802538219.0264,7516751298656.313
Colombia,COL,1997,91.6,106659508271.255,7465894328604.085
Colombia,COL,2003,96.6,94684584162.773,7477869252712.566
Colombia,COL,2005,93.6,146566266310.568,7425987570564.771
Colombia,COL,2008,94.9,243982436734.233,7328571400141.106
Colombia,COL,2010,96.1,287018179193.923,7285535657681.417
Colombia,COL,2011,94.2,335415162155.574,7237138674719.766
Colombia,COL,2012,96.4,369659697842.885,7202894139032.455
Colombia,COL,2013,97.2,380191876348.93,7192361960526.41
Colombia,COL,2014,97.6,378195707612.393,7194358129262.947
Colombia,COL,2015,97.7,291519596338.693,7281034240536.646
Comoros,COM,1980,5.9,123505640.914474,7572430331234.426
Comoros,COM,1991,17.9,246823428.906664,7572307013446.434
Comoros,COM,1996,29.0,230495751.446593,7572323341123.894
Comoros,COM,2000,35.0,203846427.738737,7572349990447.602
Comoros,COM,2012,69.3,570865941.229395,7571982970934.11
"Congo, Dem. Rep.",COD,1990,5.0,9349764580.35198,7563204072294.988
"Congo, Dem. Rep.",COD,2000,7.0,19088046305.7971,7553465790569.543
"Congo, Dem. Rep.",COD,2001,6.0,7438189100.33333,7565115647775.007
"Congo, Dem. Rep.",COD,2005,10.3,11964484667.9102,7560589352207.43
"Congo, Dem. Rep.",COD,2012,15.0,27463220380.0054,7545090616495.334
"Congo, Rep.",COG,1974,15.0,585364635.354748,7571968472239.985
"Congo, Rep.",COG,2005,34.0,6087003176.11624,7566466833699.224
"Congo, Rep.",COG,2007,33.8,8394688284.06224,7564159148591.277
"Congo, Rep.",COG,2008,34.9,11859013280.9951,7560694823594.345
"Congo, Rep.",COG,2012,41.6,13677930123.5919,7558875906751.748
Costa Rica,CRI,1963,54.6,511902136.809973,7572041934738.53
Costa Rica,CRI,1973,68.8,1528916185.23199,7571024920690.107
Costa Rica,CRI,1984,81.56,4593908718.76172,7567959928156.578
Costa Rica,CRI,1997,95.4,12552071367.1539,7560001765508.186
Costa Rica,CRI,2000,96.8,14949514585.1585,7557604322290.182
Costa Rica,CRI,2011,98.9,42262697840.385,7530291139034.955
Cote d'Ivoire,CIV,1981,50.0,8432588483.85263,7564121248391.487
Cote d'Ivoire,CIV,1985,39.6,6977650069.33578,7565576186806.004
Cote d'Ivoire,CIV,1994,36.5,8313557450.25213,7564240279425.088
Cote d'Ivoire,CIV,1999,48.2,12376639822.9265,7560177197052.413
Cote d'Ivoire,CIV,2000,48.2,10717022462.6859,7561836814412.654
Cote d'Ivoire,CIV,2001,48.2,11192560827.2962,7561361276048.044
Cote d'Ivoire,CIV,2002,48.2,12346919216.1359,7560206917659.204
Cote d'Ivoire,CIV,2003,48.2,15306602560.2533,7557247234315.087
Cote d'Ivoire,CIV,2004,48.2,16554441846.5192,7555999395028.82
Cote d'Ivoire,CIV,2005,48.2,17084928927.4555,7555468907947.885
Cote d'Ivoire,CIV,2006,48.2,17800887796.4987,7554752949078.841
Cote d'Ivoire,CIV,2007,48.2,20343635319.6174,7552210201555.723
Cote d'Ivoire,CIV,2008,48.2,24224903099.6283,7548328933775.712
Cote d'Ivoire,CIV,2009,47.3,24277493862.0625,7548276343013.277
Cote d'Ivoire,CIV,2010,47.3,24884505034.5564,7547669331840.783
Cote d'Ivoire,CIV,2011,47.3,25381616734.0693,7547172220141.2705
Croatia,HRV,2001,99.5,23289671102.3197,7549264165773.0205
Croatia,HRV,2011,99.8,62236751773.0497,7510317085102.29
Cuba,CUB,1970,70.82,5693005200.0,7566860831675.34
Cuba,CUB,1981,82.87,20150254096.3855,7552403582778.954
Cuba,CUB,1989,95.0,27023468665.8977,7545530368209.442
Cuba,CUB,2002,95.8,33590500000.0,7538963336875.34
Cuba,CUB,2009,90.0,62080000000.0,7510473836875.34
Cuba,CUB,2012,97.8,73141000000.0,7499412836875.34
Cyprus,CYP,1982,98.1,2159242416.76942,7570394594458.57
Cyprus,CYP,1992,100.0,6912150456.32334,7565641686419.017
Djibouti,DJI,1996,61.8,494004647.73437,7572059832227.605
Djibouti,DJI,2002,40.4,591122039.601398,7571962714835.738
Djibouti,DJI,2004,49.7,666072101.777505,7571887764773.5625
Djibouti,DJI,2006,55.5,768873684.032838,7571784963191.307
Djibouti,DJI,2009,50.923285655153386,1049110684.72493,7571504726190.615
Djibouti,DJI,2011,66.1,1239144501.77525,7571314692373.564
Dominican Republic,DOM,1960,20.0,672399700.0,7571881437175.34
Dominican Republic,DOM,1970,36.8,1485400100.0,7571068436775.34
Dominican Republic,DOM,1991,78.2,9724402004.34906,7562829434870.991
Dominican Republic,DOM,1993,76.01,12976408000.0,7559577428875.34
Dominican Republic,DOM,1996,84.0,18131813000.6281,7554422023874.712
Dominican Republic,DOM,1999,91.0,21709726722.118,7550844110153.222
Dominican Republic,DOM,2002,93.08,26571620978.7885,7545982215896.552
Dominican Republic,DOM,2005,94.5,34004033803.9438,7538549803071.396
Dominican Republic,DOM,2007,95.5,44169678153.1566,7528384158722.184
Dominican Republic,DOM,2008,97.5,48288967303.4896,7524264869571.851
Dominican Republic,DOM,2010,96.3,53954579003.5277,7518599257871.8125
Dominican Republic,DOM,2011,95.8,57746684847.0898,7514807152028.25
Dominican Republic,DOM,2012,96.8,60613645121.3529,7511940191753.987
Dominican Republic,DOM,2013,97.8,61965942056.6828,7510587894818.657
Ecuador,ECU,1974,41.2,6599259420.99605,7565954577454.344
Ecuador,ECU,1990,77.7,15239278100.3502,7557314558774.989
Ecuador,ECU,1995,89.67,24432884442.2211,7548120952433.119
Ecuador,ECU,1998,92.47,27981896948.4742,7544571939926.865
Ecuador,ECU,1999,92.73,19645272636.3182,7552908564239.021
Ecuador,ECU,2001,89.67,24468324000.0,7548085512875.34
Ecuador,ECU,2006,95.33,46802044000.0,7525751792875.34
Ecuador,ECU,2009,95.33,62519686000.0,7510034150875.34
Ecuador,ECU,2010,93.35,69555367000.0,7502998469875.34
Ecuador,ECU,2013,96.77,95129659000.0,7477424177875.34
Ecuador,ECU,2014,98.41,101726331000.0,7470827505875.34
"Egypt, Arab Rep.",EGY,1992,90.7,41855986519.4235,7530697850355.916
"Egypt, Arab Rep.",EGY,1996,95.1,67629716981.1321,7504924119894.208
"Egypt, Arab Rep.",EGY,1997,96.1,78436578171.0914,7494117258704.248
"Egypt, Arab Rep.",EGY,2000,97.7,99838543960.0763,7472715292915.264
"Egypt, Arab Rep.",EGY,2003,98.8,82924503942.6381,7489629332932.702
"Egypt, Arab Rep.",EGY,2006,99.1,107484034870.974,7465069802004.366
"Egypt, Arab Rep.",EGY,2008,99.6,162818181818.182,7409735655057.158
"Egypt, Arab Rep.",EGY,2014,99.8,305529656458.438,7267024180416.902
El Salvador,SLV,1971,33.9,1186120000.0,7571367716875.34
El Salvador,SLV,1992,69.3,5954700000.0,7566599136875.34
El Salvador,SLV,2000,85.0,13134100000.0,7559419736875.34
El Salvador,SLV,2001,87.0,13812700000.0,7558741136875.34
El Salvador,SLV,2002,88.0,14306700000.0,7558247136875.34
El Salvador,SLV,2003,87.0,15046700000.0,7557507136875.34
El Salvador,SLV,2004,87.4,15798300000.0,7556755536875.34
El Salvador,SLV,2005,87.5,17093800000.0,7555460036875.34
El Salvador,SLV,2006,89.2,18550700000.0,7554003136875.34
El Salvador,SLV,2007,91.1,20104900000.0,7552448936875.34
El Salvador,SLV,2008,91.0,21430950000.0,7551122886875.34
El Salvador,SLV,2009,91.1,20661030000.0,7551892806875.34
El Salvador,SLV,2010,91.6,21418330000.0,7551135506875.34
El Salvador,SLV,2011,92.6,23139040000.0,7549414796875.34
El Salvador,SLV,2012,93.6,23813600000.0,7548740236875.34
El Salvador,SLV,2013,95.0,24350930000.0,7548202906875.34
El Salvador,SLV,2014,95.1,25054230000.0,7547499606875.34
Equatorial Guinea,GNQ,1983,15.0,44442456.94764,7572509394418.393
Equatorial Guinea,GNQ,1994,18.0,100807001.813926,7572453029873.526
Equatorial Guinea,GNQ,2011,66.1,21329395900.871,7551224440974.469
Eritrea,ERI,1995,22.9,578015625.0,7571975821250.34
Eritrea,ERI,2002,32.2,729321366.651861,7571824515508.6875
Eritrea,ERI,2010,37.2,2117039512.19512,7570436797363.145
Ethiopia,ETH,1984,37.2,8096302367.14976,7564457534508.19
Ethiopia,ETH,1987,9.0,10527338647.343,7562026498227.997
Ethiopia,ETH,1994,9.0,6927950564.55657,7565625886310.783
Ethiopia,ETH,1996,9.3,8547939730.62374,7564005897144.716
Ethiopia,ETH,1998,11.0,7818224905.55071,7564735611969.789
Ethiopia,ETH,2000,10.8,8242392103.68061,7564311444771.659
Ethiopia,ETH,2004,12.9,10131187261.4421,7562422649613.897
Ethiopia,ETH,2005,12.9,12401139453.9738,7560152697421.366
Ethiopia,ETH,2007,12.9,19707616772.7996,7552846220102.54
Ethiopia,ETH,2011,22.5,31952763089.33,7540601073786.01
Fiji,FJI,1986,46.5,1290228616.82408,7571263608258.516
Fiji,FJI,1996,66.6,2129266728.42585,7570424570146.914
Fiji,FJI,2002,80.2,1842691481.09196,7570711145394.248
Fiji,FJI,2008,86.7,3523185919.55826,7569030650955.781
Gabon,GAB,1993,86.7,4378645081.01769,7568175191794.322
Gabon,GAB,2000,73.6,5067865320.7979,7567485971554.542
Gabon,GAB,2012,89.3,17171446922.2104,7555382389953.13
"Gambia, The",GMB,1983,16.9,213446562.57106,7572340390312.769
"Gambia, The",GMB,1993,22.3,755042548.055824,7571798794327.284
"Gambia, The",GMB,2003,27.8,487038821.611959,7572066798053.728
"Gambia, The",GMB,2013,44.5,898957682.737216,7571654879192.603
Ghana,GHA,1988,26.7,5197840972.6857,7567355995902.654
Ghana,GHA,1989,27.4,5251764269.91812,7567302072605.422
Ghana,GHA,1990,27.7,5889174833.90034,7566664662041.439
Ghana,GHA,1991,29.5,6596546195.65217,7565957290679.6875
Ghana,GHA,1992,32.0,6413901601.83066,7566139935273.509
Ghana,GHA,1998,41.4,7480968858.13149,7565072868017.208
Ghana,GHA,2000,43.7,4983024408.14828,7567570812467.191
Ghana,GHA,2003,48.9,7632406552.83803,7564921430322.502
Ghana,GHA,2004,54.0,8881368538.07671,7563672468337.263
Ghana,GHA,2005,49.1,10731634116.7384,7561822202758.602
Ghana,GHA,2008,55.0,28526891010.4925,7544026945864.848
Ghana,GHA,2009,66.7,25977847813.7422,7546575989061.598
Ghana,GHA,2010,72.0,32174772955.9748,7540379063919.365
Ghana,GHA,2012,72.0,41939728978.7281,7530614107896.611
Ghana,GHA,2014,70.6,38616536131.648,7533937300743.691
Guatemala,GTM,1964,22.0,1299099900.0,7571254736975.34
Guatemala,GTM,1973,28.5,2569200100.0,7569984636775.34
Guatemala,GTM,1981,38.8,8607500300.0,7563946336575.34
Guatemala,GTM,1994,53.3,12983235568.2292,7559570601307.11
Guatemala,GTM,2000,73.1,19288926545.3759,7553264910329.964
Guatemala,GTM,2002,79.6,20776669466.6053,7551777167408.734
Guatemala,GTM,2006,81.8,30231249362.0604,7542322587513.279
Guinea,GIN,1994,19.3,3383218922.79336,7569170617952.547
Guinea,GIN,1996,12.5,3869032270.91633,7568684804604.424
Guinea,GIN,1999,16.4,3461282293.64624,7569092554581.693
Guinea,GIN,2002,18.9,2949637039.04424,7569604199836.296
Guinea,GIN,2005,20.2,2937071767.25576,7569616765108.084
Guinea,GIN,2009,20.2,6716817571.50136,7565837019303.839
Guinea,GIN,2013,17.0,8376667793.25478,7564177169082.085
Guinea-Bissau,GNB,1991,10.5,257150573.215747,7572296686302.124
Guinea-Bissau,GNB,2002,12.2,415843481.998691,7572137993393.341
Guinea-Bissau,GNB,2004,5.7,531109356.165462,7572022727519.175
Guinea-Bissau,GNB,2009,1.0,825828703.628208,7571728008171.712
Guinea-Bissau,GNB,2011,2.6,1099385895.08056,7571454450980.26
Guyana,GUY,1970,19.13,267800000.0,7572286036875.34
Guyana,GUY,1980,29.44,603200000.0,7571950636875.34
Guyana,GUY,1991,43.55,336708419.499106,7572217128455.841
Guyana,GUY,2002,68.38,722460886.371384,7571831375988.969
Guyana,GUY,2009,77.6,2061323853.88576,7570492513021.454
Haiti,HTI,2003,26.98,2960306120.93557,7569593530754.404
Honduras,HND,1961,14.6,356200000.0,7572197636875.34
Honduras,HND,1971,25.0,731000000.0,7571822836875.34
Honduras,HND,1974,33.650000000000006,1034500000.0,7571519336875.34
Honduras,HND,1988,39.6,3970386266.09442,7568583450609.245
Honduras,HND,1996,53.4,4034037162.16216,7568519799713.178
Honduras,HND,2001,57.9,7565869927.73763,7564987966947.603
Honduras,HND,2013,75.6,18496438641.4768,7554057398233.863
India,IND,1973,16.3,84374541625.3338,7488179295250.006
India,IND,1981,26.2,190909548793.872,7381644288081.468
India,IND,1987,39.8,275311425330.609,7297242411544.73
India,IND,1993,54.6,275570363432.31,7296983473443.03
India,IND,1999,59.4,452699998386.955,7119853838488.385
India,IND,2004,67.9,699688852930.441,6872864983944.898
India,IND,2009,79.3,1323940295874.9,6248613541000.439
Indonesia,IDN,1976,6.7,39681453146.0051,7532872383729.335
Indonesia,IDN,1977,7.1,48773959624.4034,7523779877250.937
Indonesia,IDN,1978,7.5,54786260043.9282,7517767576831.412
Indonesia,IDN,1979,10.9,54727132892.9311,7517826703982.409
Indonesia,IDN,1980,14.2,77173854592.3758,7495379982282.964
Indonesia,IDN,1981,16.5,91053516660.2765,7481500320215.063
Indonesia,IDN,1982,19.3,95994076757.7566,7476559760117.583
Indonesia,IDN,1983,22.5,86298501963.1287,7486255334912.211
Indonesia,IDN,1984,26.2,90345970377.6713,7482207866497.669
Indonesia,IDN,1985,30.5,90809969344.1952,7481743867531.145
Indonesia,IDN,1986,33.4,85129207948.2281,7487424628927.111
Indonesia,IDN,1987,36.5,80844264668.1222,7491709572207.218
Indonesia,IDN,1988,40.0,89756617173.8387,7482797219701.501
Indonesia,IDN,1989,43.8,100564924188.698,7471988912686.642
Indonesia,IDN,1990,47.0,113010829349.049,7459543007526.291
Indonesia,IDN,1991,49.3,124170512498.061,7448383324377.279
Indonesia,IDN,1992,51.9,136313684977.643,7436240151897.697
Indonesia,IDN,1993,55.3,168233897471.964,7404319939403.376
Indonesia,IDN,1994,60.9,188341726958.271,7384212109917.068
Indonesia,IDN,1995,66.7,215215297396.313,7357338539479.027
Indonesia,IDN,1996,72.1,242086489086.889,7330467347788.451
Indonesia,IDN,1997,78.74,229713644057.536,7342840192817.804
Indonesia,IDN,1998,82.25,101623389921.636,7470930446953.704
Indonesia,IDN,1999,84.78,149063127838.066,7423490709037.273
Indonesia,IDN,2000,86.67,175702220055.465,7396851616819.875
Indonesia,IDN,2001,86.67,170832093270.882,7401721743604.458
Indonesia,IDN,2002,87.4,208325008592.98,7364228828282.359
Indonesia,IDN,2003,88.68,249968428761.572,7322585408113.768
Indonesia,IDN,2004,89.79,273460989078.419,7299092847796.921
Indonesia,IDN,2006,91.48,388167833438.821,7184386003436.519
Indonesia,IDN,2007,92.11,460192550124.261,7112361286751.079
Indonesia,IDN,2008,93.43,543253873101.753,7029299963773.587
Indonesia,IDN,2009,94.23,574505139225.44,6998048697649.9
Indonesia,IDN,2010,94.9,755094160363.071,6817459676512.269
"Iran, Islamic Rep.",IRN,1966,25.4,6789938671.9472,7565763898203.393
"Iran, Islamic Rep.",IRN,1976,48.3,68055295080.4565,7504498541794.884
"Iran, Islamic Rep.",IRN,1978,48.3,77994316621.497,7494559520253.843
"Iran, Islamic Rep.",IRN,1985,80.8,180183629600.037,7392370207275.303
"Iran, Islamic Rep.",IRN,1988,85.4,123057861333.933,7449495975541.407
"Iran, Islamic Rep.",IRN,1990,82.8,124813263926.374,7447740572948.966
"Iran, Islamic Rep.",IRN,1996,95.3,120403931885.441,7452149904989.898
"Iran, Islamic Rep.",IRN,1998,97.6,110276913362.508,7462276923512.832
"Iran, Islamic Rep.",IRN,2003,96.7,153544751395.43,7419009085479.91
"Iran, Islamic Rep.",IRN,2005,97.3,226452138291.542,7346101698583.798
"Iran, Islamic Rep.",IRN,2011,99.5,583500357530.417,6989053479344.923
Jamaica,JAM,1982,49.42,3293533288.42483,7569260303586.915
Jamaica,JAM,1991,69.24,4071219198.03601,7568482617677.304
Jamaica,JAM,2001,87.0,9087918836.80556,7563465918038.534
Jamaica,JAM,2011,91.9,14439910353.0576,7558113926522.282
Jordan,JOR,1979,77.1,3271728271.72827,7569282108603.611
Jordan,JOR,1995,99.2,6727446632.42009,7565826390242.92
Jordan,JOR,2002,99.7,9582453032.44006,7562971383842.899
Jordan,JOR,2003,99.5,10195660789.8449,7562358176085.495
Jordan,JOR,2004,99.0,11411390409.0268,7561142446466.313
Jordan,JOR,2006,99.7,15056929760.2257,7557496907115.114
Jordan,JOR,2008,99.9,21972004086.2336,7550581832789.106
Jordan,JOR,2010,99.9,26425379436.6197,7546128457438.72
Jordan,JOR,2013,99.9,33593843661.9718,7538959993213.368
Kenya,KEN,1989,8.7,8283114648.38116,7564270722226.959
Kenya,KEN,1993,10.9,5751789915.05363,7566802046960.286
Kenya,KEN,1998,14.5,14093998843.7334,7558459838031.606
Kenya,KEN,1999,13.5,12896013576.7324,7559657823298.607
Kenya,KEN,2003,16.0,14904517649.8476,7557649319225.492
Kenya,KEN,2005,15.6,18737897744.7948,7553815939130.545
Kenya,KEN,2007,15.6,31958195182.2406,7540595641693.1
Kenya,KEN,2009,22.7,37021512048.8158,7535532324826.524
Kenya,KEN,2010,23.0,39999659233.7555,7532554177641.584
Kuwait,KWT,1975,83.3,12024138275.8621,7560529698599.478
Kuwait,KWT,1999,100.0,30121879434.954,7542431957440.386
Lao PDR,LAO,1995,21.0,1763536304.53964,7570790300570.8
Lao PDR,LAO,1996,18.0,1873671550.34636,7570680165324.993
Lao PDR,LAO,1997,26.0,1747011857.33107,7570806825018.009
Lao PDR,LAO,1998,30.0,1280177838.71905,7571273659036.621
Lao PDR,LAO,1999,31.0,1454430642.49183,7571099406232.848
Lao PDR,LAO,2000,36.0,1731198022.45494,7570822638852.885
Lao PDR,LAO,2001,35.0,1768619058.34647,7570785217816.993
Lao PDR,LAO,2002,39.0,1758176653.07746,7570795660222.263
Lao PDR,LAO,2003,41.0,2023324407.30316,7570530512468.037
Lao PDR,LAO,2004,46.0,2366398119.8821,7570187438755.458
Lao PDR,LAO,2005,49.0,2735558726.25625,7569818278149.084
Lao PDR,LAO,2006,53.0,3452882514.00166,7569100954361.338
Lao PDR,LAO,2007,55.0,4222962987.53859,7568330873887.801
Lao PDR,LAO,2008,59.0,5443915120.50795,7567109921754.832
Lao PDR,LAO,2009,69.0,5832915387.08908,7566720921488.251
Lebanon,LBN,2003,99.0,20082918739.6352,7552470918135.705
Lebanon,LBN,2004,99.9,20955223880.597,7551598612994.743
Lebanon,LBN,2007,99.9,24577114427.8607,7547976722447.4795
Lesotho,LSO,1986,2.2,318862888.402626,7572234973986.9375
Lesotho,LSO,1994,5.6,878250450.602681,7571675586424.737
Lesotho,LSO,1995,3.5,1001889856.91048,7571551947018.43
Lesotho,LSO,1996,3.4,946123275.88212,7571607713599.458
Lesotho,LSO,1999,5.9,912771290.61298,7571641065584.727
Lesotho,LSO,2002,14.0,775780697.676625,7571778056177.663
Lesotho,LSO,2004,15.0,1511236655.52047,7571042600219.819
Lesotho,LSO,2005,11.0,1682350934.85132,7570871485940.488
Lesotho,LSO,2006,9.7,1800105589.60349,7570753731285.736
Lesotho,LSO,2010,23.3,2385950663.8256,7570167886211.515
Lesotho,LSO,2013,30.2,2526009072.92519,7570027827802.415
Liberia,LBR,2008,1.42,850040500.0,7571703796375.34
Liberia,LBR,2009,1.9,1155147400.0,7571398689475.34
Liberia,LBR,2011,4.1,1545400000.0,7571008436875.34
Liberia,LBR,2014,14.4,2013000000.0,7570540836875.34
Libya,LBY,1995,98.6,25544128198.9955,7547009708676.345
Libya,LBY,1998,98.6,27249786142.0017,7545304050733.338
Libya,LBY,2004,99.0,33122307692.3077,7539431529183.032
Libya,LBY,2010,99.0,74773444900.5368,7497780391974.803
"Macedonia, FYR",MKD,2002,99.0,4018365247.44444,7568535471627.8955
Madagascar,MDG,1993,8.64,3370842210.90955,7569182994664.431
Madagascar,MDG,1997,11.9,3545776697.12109,7569008060178.219
Madagascar,MDG,1999,13.7,3717515282.53319,7568836321592.807
Madagascar,MDG,2001,14.8,4529575347.56805,7568024261527.771
Madagascar,MDG,2002,19.1,4397254607.61164,7568156582267.729
Madagascar,MDG,2004,14.4,4363934494.37405,7568189902380.966
Madagascar,MDG,2005,13.3,5039293030.82367,7567514543844.517
Madagascar,MDG,2010,12.3,8729936135.74487,7563823900739.595
Madagascar,MDG,2014,22.5,10673516672.6664,7561880320202.674
Malawi,MWI,1992,3.2,1799529357.0981,7570754307518.242
Malawi,MWI,1996,4.3,2281039097.69299,7570272797777.646
Malawi,MWI,1998,4.9,1750585204.44813,7570803251670.892
Malawi,MWI,2004,5.7,3476094498.87517,7569077742376.465
Malawi,MWI,2008,7.2,5320925102.29496,7567232911773.045
Malawi,MWI,2011,7.1,8003300198.30166,7564550536677.038
Malawi,MWI,2014,9.5,6054750320.3278,7566499086555.012
Malaysia,MYS,1980,59.4,24488033442.0506,7548065803433.289
Malaysia,MYS,1983,68.3,30346788437.5135,7542207048437.826
Malaysia,MYS,1985,68.3,31200161095.4491,7541353675779.891
Malaysia,MYS,1990,68.3,44024178343.0071,7528529658532.333
Malaysia,MYS,2000,68.3,93789736842.1053,7478764100033.234
Malaysia,MYS,2005,68.3,143534102611.497,7429019734263.843
Malaysia,MYS,2008,99.4,230813597937.526,7341740238937.813
Malaysia,MYS,2010,99.4,255016609232.871,7317537227642.469
Maldives,MDV,2000,83.77,624337145.284622,7571929499730.056
Maldives,MDV,2006,94.4,1575200390.9349,7570978636484.405
Maldives,MDV,2009,99.8,2345294878.6681,7570208541996.672
Mali,MLI,1987,3.6,2090629722.63611,7570463207152.704
Mali,MLI,1996,6.2,2780422212.26995,7569773414663.07
Mali,MLI,1998,5.9,2920358586.75234,7569633478288.588
Mali,MLI,2001,9.1,3465305993.47783,7569088530881.862
Mali,MLI,2006,20.1,6899799785.8441,7565654037089.496
Mali,MLI,2009,15.3,10181021770.4326,7562372815104.907
Mali,MLI,2011,34.3,12978107560.5982,7559575729314.741
Mali,MLI,2014,40.7,14388360064.1162,7558165476811.224
Malta,MLT,1995,100.0,3439931906.61479,7569113904968.725
Malta,MLT,2005,100.0,6394851386.64345,7566158985488.696
Mauritania,MRT,1988,7.6,957377507.476686,7571596459367.863
Mauritania,MRT,1992,10.3,1464392416.14671,7571089444459.193
Mauritania,MRT,1995,17.0,1415296704.11812,7571138540171.222
Mauritania,MRT,1996,18.0,1442598431.0096,7571111238444.33
Mauritania,MRT,2000,18.1,1293654175.2102,7571260182700.13
Mauritania,MRT,2001,18.1,1295539448.36484,7571258297426.975
Mauritania,MRT,2004,24.0,1833444740.37736,7570720392134.963
Mauritania,MRT,2008,30.6,3978425880.65663,7568575410994.684
Mauritania,MRT,2013,41.0,5724227185.17784,7566829609690.162
Mauritania,MRT,2014,38.8,5391475277.24326,7567162361598.097
Mauritius,MUS,1983,91.1,1094857357.63954,7571458979517.7
Mauritius,MUS,1990,96.9,2653480001.34558,7569900356873.994
Mauritius,MUS,2000,99.0,4582555124.64952,7567971281750.69
Mauritius,MUS,2004,100.0,6385695187.0102,7566168141688.33
Mauritius,MUS,2011,99.4,11518393367.2403,7561035443508.1
Mexico,MEX,1970,58.9,35541712000.0,7537012124875.34
Mexico,MEX,1980,74.6,194356826086.957,7378197010788.383
Mexico,MEX,1990,87.5,262709776007.964,7309844060867.376
Mexico,MEX,1996,96.0,397404140458.457,7175149696416.883
Mexico,MEX,2000,93.18,683647965226.955,6888905871648.385
Mexico,MEX,2005,95.45,866345821213.261,6706208015662.079
Mexico,MEX,2010,97.78,1051128603513.77,6521425233361.57
Mongolia,MNG,1989,32.7,3576966800.0,7568976870075.34
Mongolia,MNG,2000,67.0,1136896123.61298,7571416940751.727
Mongolia,MNG,2003,73.1,1595297355.78349,7570958539519.557
Mongolia,MNG,2008,74.2,5623216448.86851,7566930620426.472
Mongolia,MNG,2010,76.8,7189481824.07288,7565364355051.267
Montenegro,MNE,2005,99.0,2257174480.78597,7570296662394.554
Morocco,MAR,1982,34.3,17692341358.1272,7554861495517.213
Morocco,MAR,1991,51.5,32285388165.2999,7540268448710.04
Morocco,MAR,1994,46.1,35604137422.5796,7536949699452.76
Morocco,MAR,1995,18.0,39030285468.3841,7533523551406.956
Morocco,MAR,1996,22.0,43161452678.4383,7529392384196.901
Morocco,MAR,1997,27.0,39147844526.0838,7533405992349.256
Morocco,MAR,1998,32.0,41806219378.6181,7530747617496.722
Morocco,MAR,1999,39.0,41632027599.8531,7530921809275.486
Morocco,MAR,2000,65.9,38857251336.3448,7533696585538.995
Morocco,MAR,2001,68.5,39459581217.3759,7533094255657.964
Morocco,MAR,2002,55.0,42236836820.6152,7530317000054.725
Morocco,MAR,2003,62.0,52064058833.9739,7520489778041.366
Morocco,MAR,2004,71.7,59626020162.3816,7512927816712.958
Morocco,MAR,2005,81.0,62343022650.8742,7510210814224.466
Morocco,MAR,2006,88.0,68640825480.9223,7503913011394.418
Morocco,MAR,2007,93.0,79041294874.4553,7493512542000.885
Morocco,MAR,2008,90.4,92507257783.5697,7480046579091.7705
Morocco,MAR,2009,92.4,92897320375.8176,7479656516499.522
Morocco,MAR,2010,93.7,93216746661.5977,7479337090213.742
Morocco,MAR,2011,94.8,101370474295.109,7471183362580.23
Morocco,MAR,2012,95.4,98266306615.3632,7474287530259.977
Morocco,MAR,2014,91.6,110081248587.369,7462472588287.971
Mozambique,MOZ,1984,4.0,3376172169.81132,7569177664705.528
Mozambique,MOZ,1999,5.6,5302532113.25156,7567251304762.088
Mozambique,MOZ,2002,6.9,5031510908.86055,7567522325966.4795
Mozambique,MOZ,2005,8.0,7723846194.87446,7564829990680.466
Mozambique,MOZ,2006,10.0,8312078525.08582,7564241758350.254
Mozambique,MOZ,2007,12.0,9366742309.49331,7563187094565.847
Mozambique,MOZ,2008,14.0,11494837053.4061,7561058999821.934
Mozambique,MOZ,2009,13.2,10911698208.1015,7561642138667.238
Mozambique,MOZ,2010,18.0,10154238250.1818,7562399598625.158
Mozambique,MOZ,2011,21.0,13131168011.807,7559422668863.533
Mozambique,MOZ,2012,23.0,14534278446.3087,7558019558429.031
Myanmar,MMR,2001,27.6,6477790688.22844,7566076046187.111
Myanmar,MMR,2008,26.0,31862554101.9378,7540691282773.402
Myanmar,MMR,2011,26.0,59977326085.9908,7512576510789.349
Myanmar,MMR,2013,31.0,60269734044.526,7512284102830.813
Myanmar,MMR,2014,32.4,65446402659.1687,7507107434216.171
Namibia,NAM,1991,24.0,3012742078.00674,7569541094797.333
Namibia,NAM,1993,27.0,3218475900.48046,7569335360974.859
Namibia,NAM,1996,27.8,3945340776.40546,7568608496098.935
Namibia,NAM,1997,27.8,4102648719.61806,7568451188155.722
Namibia,NAM,1999,24.2,3818954447.99083,7568734882427.349
Namibia,NAM,2001,32.4,3546783708.12619,7569007053167.214
Namibia,NAM,2004,34.0,6606858786.01174,7565946978089.328
Namibia,NAM,2009,41.9,8876191120.76189,7563677645754.578
Namibia,NAM,2011,42.3,12409629835.6998,7560144207039.64
Nepal,NPL,1980,5.0,1945916583.33333,7570607920292.007
Nepal,NPL,1995,14.13,4401104417.67068,7568152732457.669
Nepal,NPL,1996,12.0,4521580381.47139,7568032256493.868
Nepal,NPL,1997,15.0,4918691916.53516,7567635144958.805
Nepal,NPL,2001,24.6,6007061224.48979,7566546775650.85
Nepal,NPL,2004,27.0,7273938314.71988,7565279898560.62
Nepal,NPL,2005,37.2,8130258041.46706,7564423578833.873
Nepal,NPL,2006,41.0,9043715355.8881,7563510121519.452
Nepal,NPL,2011,67.2,18913574370.76,7553640262504.58
Nepal,NPL,2013,76.1,19271168018.482,7553282668856.857
Nicaragua,NIC,1993,70.0,1756454248.36601,7570797382626.974
Nicaragua,NIC,1998,67.8,4635267224.84195,7567918569650.498
Nicaragua,NIC,2001,69.1,5323146565.70315,7567230690309.637
Nicaragua,NIC,2005,72.6,6321335612.22233,7566232501263.117
Nicaragua,NIC,2009,76.1,8298695144.91507,7564255141730.425
Nicaragua,NIC,2014,81.2,11880438824.4494,7560673398050.891
Niger,NER,1988,4.3,2280356194.14559,7570273480681.194
Niger,NER,1992,4.4,2344987614.27441,7570208849261.065
Niger,NER,1998,6.7,2076737356.67897,7570477099518.661
Niger,NER,2000,6.5,1798374468.36362,7570755462406.977
Niger,NER,2001,6.27,1945327564.65042,7570608509310.689
Niger,NER,2006,9.3,3646728060.06463,7568907108815.275
Niger,NER,2012,14.4,6942209594.55433,7565611627280.785
Niger,NER,2013,15.0,7667951987.6933,7564885884887.646
Nigeria,NGA,1967,15.0,5203135937.28125,7567350700938.059
Nigeria,NGA,1985,24.1,28873977228.1115,7543679859647.229
Nigeria,NGA,1992,35.8,29300903643.0584,7543252933232.281
Nigeria,NGA,1995,33.56,28546958641.2735,7544006878234.066
Nigeria,NGA,2006,21.0,145429764861.249,7427124072014.091
Nigeria,NGA,2009,26.6,169481317540.364,7403072519334.976
Nigeria,NGA,2011,34.7,411743801711.642,7160810035163.698
Nigeria,NGA,2013,45.2,514966287206.505,7057587549668.835
Oman,OMN,1995,87.0,13802600780.2341,7558751236095.105
Oman,OMN,1996,95.0,15277763328.9987,7557276073546.341
Oman,OMN,2012,98.0,76689583355.0065,7495864253520.333
Pakistan,PAK,1973,17.9,6324884129.38617,7566228952745.954
Pakistan,PAK,1980,30.6,23689696767.6768,7548864140107.663
Pakistan,PAK,1981,31.0,28100605515.1515,7544453231360.188
Pakistan,PAK,1991,61.4,45451960731.7204,7527101876143.619
Pakistan,PAK,1998,71.2,62191955814.3478,7510361881060.992
Pakistan,PAK,2004,83.9,97977766197.6724,7474576070677.667
Pakistan,PAK,2010,91.4,177406854514.885,7395146982360.455
Panama,PAN,1970,52.4,1351006400.0,7571202830475.34
Panama,PAN,1980,64.8,4614086400.0,7567939750475.34
Panama,PAN,1990,68.74,6433967000.0,7566119869875.34
Panama,PAN,2000,80.8,12304115000.0,7560249721875.34
Panama,PAN,2010,85.9,28917200000.0,7543636636875.34
Papua New Guinea,PNG,1996,10.8,5155485419.7,7567398351455.64
Papua New Guinea,PNG,2006,13.7,8306343442.27435,7564247493433.065
Papua New Guinea,PNG,2010,16.7,14250726289.854,7558303110585.486
Paraguay,PRY,1972,17.5,697291727.777778,7571856545147.5625
Paraguay,PRY,1982,38.82,5067450002.20588,7567486386873.134
Paraguay,PRY,1990,58.2,5695201563.42495,7566858635311.915
Paraguay,PRY,1992,59.01,7157424031.06045,7565396412844.279
Paraguay,PRY,2002,91.0,6325151760.0669,7566228685115.272
Paraguay,PRY,2008,98.86,18504130752.9922,7554049706122.348
Paraguay,PRY,2009,96.9,15929902138.1363,7556623934737.203
Paraguay,PRY,2010,97.4,20030528042.9171,7552523308832.423
Paraguay,PRY,2011,98.2,25099681460.8943,7547454155414.445
Paraguay,PRY,2012,97.8,24595319573.7548,7547958517301.585
Paraguay,PRY,2013,99.0,28965906502.2306,7543587930373.109
Paraguay,PRY,2014,99.0,30881166852.3116,7541672670023.028
Paraguay,PRY,2015,99.33,27282581335.7964,7545271255539.543
Peru,PER,1961,26.0,2899654840.36567,7569654182034.975
Peru,PER,1972,33.900000000000006,9189413409.01292,7563364423466.327
Peru,PER,1981,46.02,21649137620.3055,7550904699255.034
Peru,PER,1993,54.9,35158109999.4973,7537395726875.843
Peru,PER,1994,54.9,44882079766.8913,7527671757108.448
Peru,PER,1995,54.9,53312793687.3836,7519241043187.956
Peru,PER,1996,67.0,55252414130.3019,7517301422745.038
Peru,PER,1997,67.0,58147522522.5225,7514406314352.817
Peru,PER,1998,67.0,55501467877.381,7517052368997.959
Peru,PER,1999,67.0,50187324567.883,7522366512307.457
Peru,PER,2000,69.3,51744749133.213,7520809087742.127
Peru,PER,2001,69.3,52030158775.4055,7520523678099.935
Peru,PER,2002,69.3,54777553515.0809,7517776283360.259
Peru,PER,2003,69.3,58731030121.8671,7513822806753.473
Peru,PER,2004,69.3,66768703497.5687,7505785133377.771
Peru,PER,2005,72.19,76060606060.606,7496493230814.733
Peru,PER,2006,72.19,88643193061.748,7483910643813.592
Peru,PER,2007,74.09,102170981144.136,7470382855731.204
Peru,PER,2008,74.09,120550599815.441,7452003237059.898
Peru,PER,2009,74.09,120822986521.479,7451730850353.861
Peru,PER,2010,74.09,147528937028.778,7425024899846.562
Peru,PER,2011,74.09,171761737046.585,7400792099828.755
Peru,PER,2012,74.09,192648999090.082,7379904837785.258
Peru,PER,2013,74.09,201217661645.509,7371336175229.831
Peru,PER,2014,74.09,201049665375.132,7371504171500.208
Peru,PER,2015,74.09,189212096470.293,7383341740405.047
Philippines,PHL,1960,16.5,6684568805.06881,7565869268070.271
Philippines,PHL,1967,22.9,6809134235.54298,7565744702639.797
Philippines,PHL,1968,22.2,7591603053.43511,7564962233821.904
Philippines,PHL,1970,23.2,6687204834.3687,7565866632040.971
Philippines,PHL,1985,56.9,30734335448.9905,7541819501426.35
Philippines,PHL,1993,65.4,54368083953.1119,7518185752922.228
Philippines,PHL,1998,71.3,72207025219.4752,7500346811655.864
Philippines,PHL,2004,87.6,91371239764.8818,7481182597110.458
Philippines,PHL,2008,83.3,174195135053.121,7398358701822.219
Philippines,PHL,2011,87.4,224143083706.777,7348410753168.5625
Philippines,PHL,2013,87.5,271836123723.678,7300717713151.662
Qatar,QAT,1998,98.6,10255495027.4725,7562298341847.867
Qatar,QAT,2012,98.7,186833516483.516,7385720320391.824
Romania,ROU,1992,96.7,25121666666.6667,7547432170208.673
Romania,ROU,2002,98.0,46174557555.5892,7526379279319.751
Rwanda,RWA,1978,0.9,905709147.27019,7571648127728.069
Rwanda,RWA,1991,2.0,1911600969.76612,7570642235905.573
Rwanda,RWA,2001,5.1,1674685094.01639,7570879151781.323
Rwanda,RWA,2002,4.1,1677447150.10691,7570876389725.233
Rwanda,RWA,2006,4.3,3152016556.51526,7569401820318.824
Rwanda,RWA,2008,6.0,4860576609.21568,7567693260266.124
Rwanda,RWA,2009,6.7,5379378135.44102,7567174458739.898
Rwanda,RWA,2011,10.8,6491683831.5094,7566062153043.83
Rwanda,RWA,2012,16.8,7315702176.36442,7565238134698.976
Rwanda,RWA,2014,19.8,8016288347.03577,7564537548528.304
Saudi Arabia,SAU,1992,86.8,137087876662.216,7435465960213.124
Saudi Arabia,SAU,1996,94.2,158662398744.993,7413891438130.347
Saudi Arabia,SAU,2000,93.8,189514926213.333,7383038910662.007
Saudi Arabia,SAU,2004,94.5,258742133333.333,7313811703542.007
Saudi Arabia,SAU,2007,95.7,415964509673.115,7156589327202.225
Saudi Arabia,SAU,2010,97.3,528207200000.0,7044346636875.34
Senegal,SEN,1988,23.1,4985153202.5374,7567568683672.803
Senegal,SEN,1990,21.2,5716644272.04692,7566837192603.293
Senegal,SEN,1991,22.9,5617236032.86556,7566936600842.475
Senegal,SEN,1992,22.9,6004885321.34354,7566548951553.996
Senegal,SEN,1993,23.8,5678827998.8247,7566875008876.516
Senegal,SEN,1994,25.1,3877196914.93966,7568676639960.4
Senegal,SEN,1995,26.3,4878719133.22771,7567675117742.112
Senegal,SEN,1996,25.8,5065830414.04947,7567488006461.29
Senegal,SEN,1997,26.6,4672503920.19866,7567881332955.142
Senegal,SEN,1998,26.9,5030344074.0413,7567523492801.299
Senegal,SEN,1999,28.3,5144045359.98185,7567409791515.358
Senegal,SEN,2000,29.8,4679604753.55711,7567874232121.783
Senegal,SEN,2001,31.4,4877602059.50983,7567676234815.83
Senegal,SEN,2002,40.9,5333862371.27113,7567219974504.068
Senegal,SEN,2003,36.0,6858952880.10003,7565694883995.24
Senegal,SEN,2004,39.0,8031344381.09898,7564522492494.241
Senegal,SEN,2005,42.0,8707015771.00113,7563846821104.339
Senegal,SEN,2006,44.0,9358710935.43366,7563195125939.906
Senegal,SEN,2007,47.0,11284603070.5653,7561269233804.774
Senegal,SEN,2008,51.0,13439023281.4707,7559114813593.869
Senegal,SEN,2009,54.0,12814961485.1001,7559738875390.239
Senegal,SEN,2013,57.5,14851057084.776,7557702779790.563
Serbia,SRB,2003,99.9,21188704081.2428,7551365132794.097
Serbia,SRB,2007,99.8,40289556656.1455,7532264280219.194
Serbia,SRB,2014,99.7,44210806365.6817,7528343030509.658
Sierra Leone,SLE,1985,9.1,856890498.625834,7571696946376.714
Sierra Leone,SLE,1999,3.0,669384768.87263,7571884452106.467
Sierra Leone,SLE,2004,4.1,1431208677.30352,7571122628198.036
Sierra Leone,SLE,2005,4.0,1627854494.80246,7570925982380.537
Sierra Leone,SLE,2006,5.5,1885112201.85278,7570668724673.487
Sierra Leone,SLE,2007,6.4,2158496872.85796,7570395340002.481
Sierra Leone,SLE,2008,7.4,2505458705.03338,7570048378170.307
Sierra Leone,SLE,2009,8.7,2489985963.16808,7570063850912.172
Sierra Leone,SLE,2010,8.2,2616610911.07222,7569937225964.268
Sierra Leone,SLE,2011,13.52,2942546781.04548,7569611290094.294
Sierra Leone,SLE,2013,9.0,4920343194.99339,7567633493680.347
Singapore,SGP,1966,87.0,1095910100.61414,7571457926774.726
Singapore,SGP,1980,98.3,11893405683.8039,7560660431191.536
Singapore,SGP,1984,98.0,19735920492.1912,7552817916383.148
Singapore,SGP,2000,100.0,95833932714.6172,7476719904160.723
Singapore,SGP,2006,100.0,147797218201.271,7424756618674.068
Singapore,SGP,2008,100.0,192225881687.752,7380327955187.588
Singapore,SGP,2010,100.0,236421782178.218,7336132054697.122
Singapore,SGP,2011,100.0,275599459373.509,7296954377501.831
Solomon Islands,SLB,1999,10.8,482214092.308964,7572071622783.031
Solomon Islands,SLB,2005,13.5,413909879.281265,7572139926996.059
Solomon Islands,SLB,2009,12.0,597765363.128492,7571956071512.211
South Africa,ZAF,1990,35.0,115553279480.54,7457000557394.8
South Africa,ZAF,1993,36.0,134309759157.817,7438244077717.522
South Africa,ZAF,1994,44.0,139752450152.078,7432801386723.262
South Africa,ZAF,1995,50.0,155460285076.232,7417093551799.107
South Africa,ZAF,1996,58.2,147607982694.857,7424945854180.482
South Africa,ZAF,1997,60.0,152586154513.889,7419967682361.451
South Africa,ZAF,1998,62.99,137774361015.14,7434779475860.2
South Africa,ZAF,2000,63.0,136361854808.496,7436191982066.844
South Africa,ZAF,2001,69.7,121600818309.679,7450953018565.661
South Africa,ZAF,2002,77.1,115748110112.68,7456805726762.66
South Africa,ZAF,2003,78.7,175256916996.047,7397296919879.293
South Africa,ZAF,2004,80.9,228937347865.858,7343616489009.481
South Africa,ZAF,2005,80.9,257671413750.825,7314882423124.515
South Africa,ZAF,2006,80.7,271811088781.18,7300742748094.16
South Africa,ZAF,2007,82.0,299033511000.227,7273520325875.113
South Africa,ZAF,2008,81.9,287099991516.9,7285453845358.439
South Africa,ZAF,2009,82.7,297216730668.942,7275337106206.397
South Africa,ZAF,2010,82.9,375298134440.469,7197255702434.871
South Africa,ZAF,2011,84.7,416878162440.887,7155675674434.453
South Africa,ZAF,2012,85.3,396332598448.215,7176221238427.125
South Africa,ZAF,2013,85.4,366810014300.222,7205743822575.118
South Sudan,SSD,2008,1.1,15550136278.8696,7557003700596.471
Sri Lanka,LKA,1963,7.0,1240672268.90756,7571313164606.433
Sri Lanka,LKA,1971,9.0,2369308600.33727,7570184528275.003
Sri Lanka,LKA,1973,8.0,2875625000.0,7569678211875.34
Sri Lanka,LKA,1978,13.1,2733183856.50224,7569820653018.838
Sri Lanka,LKA,1981,15.8,4415844155.84416,7568137992719.496
Sri Lanka,LKA,1982,15.8,4768765016.81884,7567785071858.521
Sri Lanka,LKA,1986,26.5,6405210563.88294,7566148626311.457
Sri Lanka,LKA,1994,43.8,11717604208.8223,7560836232666.518
Sri Lanka,LKA,1996,56.8,13897738375.2488,7558656098500.091
Sri Lanka,LKA,1997,57.1,15091913883.7091,7557461922991.631
Sri Lanka,LKA,2003,74.9,18881765437.2151,7553672071438.125
Sri Lanka,LKA,2005,76.7,24406252456.5141,7548147584418.826
Sri Lanka,LKA,2008,83.0,40713812309.7316,7531840024565.608
Sri Lanka,LKA,2009,85.4,42066217871.5349,7530487619003.805
Sri Lanka,LKA,2010,88.0,56725745039.336,7515828091836.004
Sri Lanka,LKA,2011,91.0,65292741296.5382,7507261095578.802
Sri Lanka,LKA,2012,87.0,68434399083.41,7504119437791.93
Sudan,SDN,1983,9.9,8230153846.15385,7564323683029.186
Sudan,SDN,1993,17.5,8881785938.48085,7563672050936.859
Sudan,SDN,2000,23.0,12257418326.0734,7560296418549.267
Sudan,SDN,2008,19.97,54526580231.5568,7518027256643.783
Sudan,SDN,2009,29.0,53150209167.934,7519403627707.406
Sudan,SDN,2013,25.0,72065940085.772,7500487896789.567
Suriname,SUR,1964,49.0,120850000.0,7572432986875.34
Suriname,SUR,1971,68.12,270650000.0,7572283186875.34
Suriname,SUR,1980,86.76,794900000.0,7571758936875.34
Suriname,SUR,1999,86.76,885444186.046512,7571668392689.293
Suriname,SUR,2003,81.47999999999999,1271196078.43137,7571282640796.908
Suriname,SUR,2004,81.26,1484092538.40527,7571069744336.935
Suriname,SUR,2006,90.1,2626380435.17877,7569927456440.161
Suriname,SUR,2010,91.2,4368398047.64333,7568185438827.696
Swaziland,SWZ,1994,11.3,1419293454.99606,7571134543420.344
Swaziland,SWZ,1995,11.3,1698982437.76019,7570854854437.58
Swaziland,SWZ,1997,21.9,1716699913.19444,7570837136962.1455
Swaziland,SWZ,2001,27.3,1542477308.89408,7571011359566.445
Swaziland,SWZ,2007,35.3,3469363996.36642,7569084472878.974
Swaziland,SWZ,2010,44.3,4438778424.30203,7568115058451.038
Swaziland,SWZ,2013,61.0,4560713073.91948,7567993123801.42
Syrian Arab Republic,SYR,1961,62.0,945244992.211306,7571608591883.129
Syrian Arab Republic,SYR,1970,58.3,2140383695.94618,7570413453179.394
Syrian Arab Republic,SYR,1981,76.9,15518199247.3393,7557035637628.001
Syrian Arab Republic,SYR,1994,95.7,10122020000.0,7562431816875.34
Syrian Arab Republic,SYR,2004,97.42,25086930693.0693,7547466906182.2705
Tanzania,TZA,1990,7.9,4258743262.82876,7568295093612.511
Tanzania,TZA,1991,9.7,4956588278.56144,7567597248596.778
Tanzania,TZA,1992,17.5,4601413263.52894,7567952423611.811
Tanzania,TZA,1993,11.1,4257702196.53864,7568296134678.801
Tanzania,TZA,1994,13.1,4510846967.8742,7568042989907.466
Tanzania,TZA,1995,14.8,5255221424.80962,7567298615450.53
Tanzania,TZA,1996,12.7,6496195450.61034,7566057641424.7295
Tanzania,TZA,1997,7.3,7683852496.84499,7564869984378.495
Tanzania,TZA,1998,5.3,9345174219.07253,7563208662656.268
Tanzania,TZA,1999,7.0,9697847263.63196,7562855989611.708
Tanzania,TZA,2001,10.0,10383560602.8537,7562170276272.486
Tanzania,TZA,2002,10.1,10805599892.7355,7561748236982.6045
Tanzania,TZA,2005,10.0,16929976600.142,7555623860275.198
Tanzania,TZA,2008,13.0,27368386358.131,7545185450517.209
Tanzania,TZA,2009,13.0,28573777052.4542,7543980059822.886
Tanzania,TZA,2010,17.0,31407908612.0943,7541145928263.245
Tanzania,TZA,2011,14.0,33878631649.4157,7538675205225.924
Tanzania,TZA,2012,18.9,39087748240.4403,7533466088634.899
Thailand,THA,1962,18.9,3308912796.93487,7569244924078.405
Thailand,THA,1970,18.9,7086538437.5,7565467298437.84
Thailand,THA,1976,24.0,16985211146.0238,7555568625729.316
Thailand,THA,1978,19.0,24006570178.1561,7548547266697.184
Thailand,THA,1984,43.0,41797592963.4424,7530756243911.897
Thailand,THA,1986,86.0,43096746122.4614,7529457090752.879
Thailand,THA,1990,91.0,85343063965.9182,7487210772909.422
Thailand,THA,1992,92.4,111452869378.467,7461100967496.873
Thailand,THA,1996,96.7,183035154107.494,7389518682767.846
Thailand,THA,2000,97.0,126392308497.749,7446161528377.591
Timor-Leste,TLS,2007,97.0,531260864.945277,7572022576010.395
Timor-Leste,TLS,2008,22.0,659561789.395388,7571894275085.944
Timor-Leste,TLS,2010,36.7,894400000.0,7571659436875.34
Timor-Leste,TLS,2012,40.3,1188900000.0,7571364936875.34
Togo,TGO,1998,15.3,1587345950.9743,7570966490924.365
Togo,TGO,2000,15.0,1294250233.18894,7571259586642.151
Togo,TGO,2001,18.0,1332328999.09077,7571221507876.249
Togo,TGO,2002,17.0,1474630207.08242,7571079206668.258
Togo,TGO,2003,18.0,1673690429.61609,7570880146445.724
Togo,TGO,2004,19.0,1937074572.08687,7570616762303.253
Togo,TGO,2005,19.0,2115154262.03025,7570438682613.31
Togo,TGO,2006,26.8,2202809251.31304,7570351027624.026
Togo,TGO,2007,21.0,2523462557.38975,7570030374317.95
Togo,TGO,2008,21.0,3163416242.05877,7569390420633.281
Togo,TGO,2010,36.9,3172945644.5585,7569380891230.781
Togo,TGO,2011,39.2,3756023159.96,7568797813715.38
Togo,TGO,2015,48.3,4087628275.95594,7568466208599.384
Trinidad and Tobago,TTO,1966,66.0,723735635.536371,7571830101239.804
Trinidad and Tobago,TTO,1970,82.04,821850000.0,7571731986875.34
Trinidad and Tobago,TTO,1980,84.47,6235833333.33333,7566318003542.007
Trinidad and Tobago,TTO,1982,83.6,8140416666.66667,7564413420208.673
Trinidad and Tobago,TTO,1990,87.78,5068000000.0,7567485836875.34
Trinidad and Tobago,TTO,2000,91.29,8154338232.95978,7564399498642.38
Trinidad and Tobago,TTO,2006,96.8,18369070085.3888,7554184766789.951
Tunisia,TUN,1966,23.9,1040952380.95238,7571512884494.388
Tunisia,TUN,1975,34.2,4328610489.68432,7568225226385.655
Tunisia,TUN,1976,37.0,4507929104.47761,7568045907770.862
Tunisia,TUN,1981,56.0,8428513568.24625,7564125323307.094
Tunisia,TUN,1986,69.0,9018136020.15113,7563535700855.188
Tunisia,TUN,1988,70.0,10096292842.1543,7562457544033.186
Tunisia,TUN,1989,73.2,10102075213.3151,7562451761662.024
Tunisia,TUN,1991,81.0,13074782608.6957,7559479054266.645
Tunisia,TUN,1993,84.0,14608946896.483,7557944889978.856
Tunisia,TUN,1996,90.0,19587322786.1105,7552966514089.2295
Tunisia,TUN,2000,95.0,21473188881.5933,7551080647993.746
Tunisia,TUN,2001,94.9,22066101341.4888,7550487735533.851
Tunisia,TUN,2010,97.0,44050929160.2627,7528502907715.077
Uganda,UGA,1992,6.0,2857457860.05088,7569696379015.289
Uganda,UGA,1995,7.0,5755818947.42125,7566798017927.919
Uganda,UGA,1999,7.0,5998563257.94659,7566555273617.394
Uganda,UGA,2001,7.0,5840503868.57245,7566713333006.768
Uganda,UGA,2002,7.8,6178563590.89254,7566375273284.447
Uganda,UGA,2003,7.8,6336696288.98214,7566217140586.357
Uganda,UGA,2005,10.5,9013834373.41246,7563540002501.928
Uganda,UGA,2009,9.0,18168902153.8569,7554384934721.483
Uganda,UGA,2010,12.1,20186496527.1276,7552367340348.212
Uganda,UGA,2011,12.0,20176751242.0546,7552377085633.285
Uganda,UGA,2013,13.9,24599553471.8672,7547954283403.473
United Arab Emirates,ARE,1995,99.2,65743666575.8649,7506810170299.475
United Arab Emirates,ARE,2008,99.6,315474615738.598,7257079221136.742
United Arab Emirates,ARE,2010,98.7,289880430197.413,7282673406677.927
United Arab Emirates,ARE,2012,100.0,374817974104.833,7197735862770.507
Uruguay,URY,1963,78.4,1539681533.63786,7571014155341.702
Uruguay,URY,1975,79.0,3538283322.07726,7569015553553.263
Uruguay,URY,1985,88.3,4732017873.38369,7567821819001.956
Uruguay,URY,1996,95.9,20515465834.0682,7552038371041.271
Uruguay,URY,2006,98.7,19579457966.0538,7552974378909.286
Uruguay,URY,2009,98.0,31660911290.3226,7540892925585.018
Uruguay,URY,2010,99.2,40284481661.8726,7532269355213.467
Uruguay,URY,2011,98.7,47962439293.3696,7524591397581.971
"Venezuela, RB",VEN,1961,58.0,9058121212.12121,7563495715663.219
"Venezuela, RB",VEN,1971,76.8,14625295454.5455,7557928541420.794
"Venezuela, RB",VEN,1981,77.01,75367139534.8837,7497186697340.456
"Venezuela, RB",VEN,1990,74.88,47028010660.9808,7525525826214.359
"Venezuela, RB",VEN,2001,96.05,122903960204.505,7449649876670.835
"Venezuela, RB",VEN,2011,98.8,316482190800.364,7256071646074.976
Vietnam,VNM,1985,9.3,14094687820.7445,7558459149054.596
Vietnam,VNM,1986,10.0,26336616250.4397,7546217220624.9
Vietnam,VNM,1994,14.0,16286433533.3228,7556267403342.017
Vietnam,VNM,1996,50.7,24657470574.7501,7547896366300.59
Vietnam,VNM,1998,62.5,27209602050.0452,7545344234825.295
Vietnam,VNM,2000,73.0,31172518403.3162,7541381318472.023
Vietnam,VNM,2001,77.0,32685198735.3053,7539868638140.034
Vietnam,VNM,2002,81.0,35064105500.8345,7537489731374.505
Vietnam,VNM,2004,87.4,45427854693.2554,7527125982182.084
Vietnam,VNM,2005,96.1,57633255618.2731,7514920581257.066
Vietnam,VNM,2006,92.3,66371664817.0436,7506182172058.296
Vietnam,VNM,2007,93.66,77414425532.2452,7495139411343.095
Vietnam,VNM,2008,93.66,99130304099.1274,7473423532776.213
Vietnam,VNM,2009,96.1,106014659770.222,7466539177105.118
"Yemen, Rep.",YEM,1992,22.7,6463649985.01648,7566090186890.323
"Yemen, Rep.",YEM,1998,32.15,6325219772.93811,7566228617102.401
"Yemen, Rep.",YEM,2004,41.5,13873500887.5612,7558680335987.778
"Yemen, Rep.",YEM,2013,61.3,40415233436.1767,7532138603439.163
Zambia,ZMB,1990,13.9,3285217391.30435,7569268619484.035
Zambia,ZMB,1996,17.0,3597220962.00017,7568956615913.34
Zambia,ZMB,1998,19.0,3537683046.02331,7569016153829.316
Zambia,ZMB,2000,16.7,3600683039.73254,7568953153835.607
Zambia,ZMB,2002,17.4,4193845678.17033,7568359991197.17
Zambia,ZMB,2003,18.0,4901839731.26571,7567651997144.074
Zambia,ZMB,2004,20.3,6221077674.77871,7566332759200.562
Zambia,ZMB,2007,18.5,14056957976.2648,7558496878899.075
Zambia,ZMB,2010,22.01627198691367,20265556273.582,7552288280601.758
Zimbabwe,ZWE,1990,20.0,8783816700.0,7563770020175.34
Zimbabwe,ZWE,1991,20.0,8641481700.0,7563912355175.34
Zimbabwe,ZWE,1992,28.0,6751472200.0,7565802364675.34
Zimbabwe,ZWE,1993,29.0,6563813300.0,7565990023575.34
Zimbabwe,ZWE,1994,31.0,6890675000.0,7565663161875.34
Zimbabwe,ZWE,1995,32.0,7111270700.0,7565442566175.34
Zimbabwe,ZWE,1996,34.0,8553146600.0,7564000690275.34
Zimbabwe,ZWE,1997,35.0,8529571600.0,7564024265275.34
Zimbabwe,ZWE,1998,36.0,6401968200.0,7566151868675.34
Zimbabwe,ZWE,1999,39.0,6858013100.0,7565695823775.34
Zimbabwe,ZWE,2000,36.0,6689957600.0,7565863879275.34
Zimbabwe,ZWE,2001,37.0,6777384700.0,7565776452175.34
Zimbabwe,ZWE,2002,39.0,6342116400.0,7566211720475.34
Zimbabwe,ZWE,2003,41.0,5727591800.0,7566826245075.34
Zimbabwe,ZWE,2004,41.0,5805598400.0,7566748238475.34
Zimbabwe,ZWE,2012,40.6,14242490252.4289,7558311346622.911
